Date,Sales
2020-01-01,888
2020-02-01,784
2020-03-01,862
2020-04-01,834
2020-05-01,756
2020-06-01,813
2020-07-01,773
2020-08-01,617
2020-09-01,901
2020-10-01,914
2020-11-01,1010
2020-12-01,1130
2021-01-01,1009
2021-02-01,957
2021-03-01,977
2021-04-01,903
2021-05-01,929
2021-06-01,940
2021-07-01,904
2021-08-01,711
2021-09-01,1024
2021-10-01,1050
2021-11-01,1166
2021-12-01,1255
2022-01-01,1135
2022-02-01,1045
2022-03-01,1117
2022-04-01,1069
2022-05-01,1061
2022-06-01,1117
2022-07-01,1068
2022-08-01,802
2022-09-01,1155
2022-10-01,1191
2022-11-01,1304
2022-12-01,1484
2023-01-01,1303
2023-02-01,1171
2023-03-01,1647
2023-04-01,1226
2023-05-01,1217
2023-06-01,1273
2023-07-01,1117
2023-08-01,928
2023-09-01,1336
2023-10-01,1394
2023-11-01,1490
2023-12-01,1638
2024-01-01,1512
2024-02-01,1364
2024-03-01,1429
2024-04-01,1387
2024-05-01,1288
2024-06-01,1404
2024-07-01,1270
2024-08-01,1021
2024-09-01,1492
2024-10-01,1634
2024-11-01,1597
2024-12-01,1889
2025-01-01,1588
2025-02-01,1520
2025-03-01,1605
2025-04-01,1561
2025-05-01,1550
2025-06-01,1634
2025-07-01,1435
2025-08-01,1156
2025-09-01,1736
2025-10-01,1749
2025-11-01,1772
2025-12-01,1993
