id_cliente,eta,saldo_medio
string,continuous,continuous
meta,,class
CL-0001,52,45610
CL-0002,78,29180
CL-0003,65,42060
CL-0004,40,32830
CL-0005,25,15100
CL-0006,73,29350
CL-0007,57,42600
CL-0008,35,35250
CL-0009,69,45700
CL-0010,66,40370
CL-0011,44,39100
CL-0012,74,45430
CL-0013,61,29730
CL-0014,73,40400
CL-0015,45,43280
CL-0016,67,48620
CL-0017,49,54530
CL-0018,72,49480
CL-0019,74,42500
CL-0020,39,36610
CL-0021,51,48570
CL-0022,56,41170
CL-0023,71,42000
CL-0024,55,50900
CL-0025,68,58410
CL-0026,71,41260
CL-0027,43,38160
CL-0028,58,46270
CL-0029,64,54600
CL-0030,69,42970
CL-0031,71,52670
CL-0032,33,24610
CL-0033,76,38110
CL-0034,53,42600
CL-0035,44,44100
CL-0036,41,43050
CL-0037,54,35230
CL-0038,21,9130
CL-0039,30,25840
CL-0040,45,36140
CL-0041,56,35520
CL-0042,46,47390
CL-0043,64,48070
CL-0044,34,31930
CL-0045,57,41710
CL-0046,69,50360
CL-0047,68,42010
CL-0048,75,47020
CL-0049,44,34180
CL-0050,27,17840
CL-0051,71,43570
CL-0052,48,37560
CL-0053,62,49700
CL-0054,74,42160
CL-0055,25,14970
CL-0056,54,44670
CL-0057,54,41920
CL-0058,55,50980
CL-0059,65,40410
CL-0060,31,24260
CL-0061,57,53720
CL-0062,51,60380
CL-0063,53,59230
CL-0064,47,41560
CL-0065,27,20960
CL-0066,50,53780
CL-0067,32,26700
CL-0068,62,38790
CL-0069,33,28950
CL-0070,79,39380
CL-0071,57,39560
CL-0072,56,34870
CL-0073,39,28210
CL-0074,34,32770
CL-0075,50,38140
CL-0076,48,40860
CL-0077,28,22460
CL-0078,38,37320
CL-0079,19,6510
CL-0080,64,48100
CL-0081,75,34910
CL-0082,24,14760
CL-0083,44,33610
CL-0084,31,30700
CL-0085,37,32860
CL-0086,82,30440
CL-0087,27,19240
CL-0088,28,21040
CL-0089,46,45040
CL-0090,69,33970
CL-0091,44,33540
CL-0092,59,42500
CL-0093,25,25140
CL-0094,65,51280
CL-0095,34,29160
CL-0096,60,50070
CL-0097,59,61240
CL-0098,27,19580
CL-0099,49,39990
CL-0100,19,8210
CL-0101,66,47580
CL-0102,38,37620
CL-0103,73,38140
CL-0104,40,47940
CL-0105,61,58130
CL-0106,43,41850
CL-0107,54,48960
CL-0108,68,32130
CL-0109,63,49290
CL-0110,75,38750
CL-0111,36,34070
CL-0112,70,47340
CL-0113,48,39650
CL-0114,65,34480
CL-0115,47,43500
CL-0116,53,39270
CL-0117,66,42050
CL-0118,57,40910
CL-0119,27,19270
CL-0120,59,31810
CL-0121,36,38320
CL-0122,45,41440
CL-0123,43,45410
CL-0124,49,56860
CL-0125,67,44040
CL-0126,74,30940
CL-0127,29,20280
CL-0128,45,33290
CL-0129,50,39630
CL-0130,53,44420
CL-0131,63,33170
CL-0132,40,37810
CL-0133,71,33690
CL-0134,62,46960
CL-0135,67,43170
CL-0136,74,38690
CL-0137,28,21520
CL-0138,23,12840
CL-0139,32,24820
CL-0140,49,32830
CL-0141,45,39720
CL-0142,38,44860
CL-0143,55,59800
CL-0144,44,47780
CL-0145,74,45080
CL-0146,62,40580
CL-0147,77,47730
CL-0148,73,40820
CL-0149,26,18570
CL-0150,25,16460
CL-0151,33,28850
CL-0152,38,31860
CL-0153,64,44080
CL-0154,47,34980
CL-0155,66,41770
CL-0156,43,54120
CL-0157,46,40130
CL-0158,76,37810
CL-0159,75,43210
CL-0160,25,19120
CL-0161,72,35310
CL-0162,51,41840
CL-0163,62,51540
CL-0164,46,42230
CL-0165,31,26390
CL-0166,51,54490
CL-0167,58,40570
CL-0168,54,44730
CL-0169,78,34820
CL-0170,56,55820
CL-0171,74,30260
CL-0172,34,26820
CL-0173,47,38020
CL-0174,69,47680
CL-0175,54,48390
CL-0176,74,49990
CL-0177,26,14810
CL-0178,37,36920
CL-0179,47,39390
CL-0180,61,40700
CL-0181,75,43260
CL-0182,18,4320
CL-0183,62,32890
CL-0184,71,39970
CL-0185,71,33750
CL-0186,61,40810
CL-0187,69,45640
CL-0188,40,37640
CL-0189,75,50610
CL-0190,54,42880
CL-0191,63,35590
CL-0192,53,39180
CL-0193,29,20200
CL-0194,35,25670
CL-0195,48,44550
CL-0196,48,37880
CL-0197,20,6450
CL-0198,40,39880
CL-0199,50,42020
CL-0200,55,46880
CL-0201,29,23560
CL-0202,48,45880
CL-0203,80,36130
CL-0204,63,53920
CL-0205,31,27610
CL-0206,23,14770
CL-0207,37,35080
CL-0208,31,20820
CL-0209,30,23970
CL-0210,68,41890
CL-0211,25,17740
CL-0212,68,35520
CL-0213,34,37890
CL-0214,34,30120
CL-0215,65,37050
CL-0216,35,23850
CL-0217,37,31630
CL-0218,36,31500
CL-0219,78,33800
CL-0220,37,33450
CL-0221,83,29970
CL-0222,55,48270
CL-0223,42,33770
CL-0224,54,43930
CL-0225,49,48940
CL-0226,43,56530
CL-0227,59,38670
CL-0228,56,41630
CL-0229,40,31670
CL-0230,29,26080
CL-0231,35,25940
CL-0232,71,39290
CL-0233,30,24460
CL-0234,59,38840
CL-0235,67,38020
CL-0236,25,16010
CL-0237,63,32690
CL-0238,35,24810
CL-0239,65,41760
CL-0240,29,23710
CL-0241,72,40580
CL-0242,51,33080
CL-0243,26,17500
CL-0244,37,37190
CL-0245,50,46450
CL-0246,25,16990
CL-0247,40,31440
CL-0248,66,48570
CL-0249,65,40740
CL-0250,61,37740
CL-0251,72,37000
CL-0252,49,52510
CL-0253,37,34100
CL-0254,69,51360
CL-0255,43,35770
CL-0256,39,40280
CL-0257,71,38610
CL-0258,58,43860
CL-0259,43,55820
CL-0260,68,48860
CL-0261,37,30600
CL-0262,50,42190
CL-0263,55,46660
CL-0264,62,53850
CL-0265,61,41800
CL-0266,41,28340
CL-0267,34,28440
CL-0268,43,38530
CL-0269,52,44270
CL-0270,60,54830
CL-0271,72,43760
CL-0272,63,50600
CL-0273,73,34900
CL-0274,41,41920
CL-0275,69,59110
CL-0276,53,49280
CL-0277,75,41440
CL-0278,39,35810
CL-0279,38,44470
CL-0280,84,27780
CL-0281,55,43700
CL-0282,57,48000
CL-0283,28,24320
CL-0284,78,35250
CL-0285,59,47100
CL-0286,39,33560
CL-0287,75,40620
CL-0288,72,40910
CL-0289,39,29480
CL-0290,61,44840
CL-0291,19,7800
CL-0292,80,31070
CL-0293,64,43050
CL-0294,57,49490
CL-0295,70,36390
CL-0296,21,10760
CL-0297,52,37140
CL-0298,19,8110
CL-0299,34,41950
CL-0300,55,60180
CL-0301,66,42750
CL-0302,50,47750
CL-0303,28,22150
CL-0304,67,44570
CL-0305,67,55360
CL-0306,30,20160
CL-0307,63,52480
CL-0308,38,33760
CL-0309,51,53320
CL-0310,67,45140
CL-0311,38,30750
CL-0312,31,27010
CL-0313,30,27440
CL-0314,29,23310
CL-0315,57,48200
CL-0316,36,29520
CL-0317,71,30680
CL-0318,58,51400
CL-0319,66,49070
CL-0320,32,27810
CL-0321,57,45260
CL-0322,63,52330
CL-0323,20,8100
CL-0324,47,37020
CL-0325,42,36600
CL-0326,21,12520
CL-0327,42,30570
CL-0328,74,48490
CL-0329,41,33440
CL-0330,78,31920
CL-0331,73,49730
CL-0332,28,21440
CL-0333,53,36110
CL-0334,27,19220
CL-0335,59,51720
CL-0336,27,24250
CL-0337,62,42120
CL-0338,45,42400
CL-0339,52,48470
CL-0340,57,40670
CL-0341,58,47370
CL-0342,27,20180
CL-0343,70,39430
CL-0344,45,37050
CL-0345,46,40960
CL-0346,35,30950
CL-0347,31,23800
CL-0348,52,40850
CL-0349,47,48650
CL-0350,65,45880
CL-0351,29,26480
CL-0352,71,50600
CL-0353,38,37150
CL-0354,58,63140
CL-0355,35,27220
CL-0356,56,50390
CL-0357,76,37360
CL-0358,74,53570
CL-0359,69,55700
CL-0360,69,32200
CL-0361,81,30260
CL-0362,57,49490
CL-0363,43,43270
CL-0364,25,19200
CL-0365,31,25640
CL-0366,74,43420
CL-0367,49,46600
CL-0368,75,39430
CL-0369,32,31740
CL-0370,70,30450
CL-0371,31,28490
CL-0372,62,38460
CL-0373,54,51020
CL-0374,26,18130
CL-0375,42,32950
CL-0376,62,47500
CL-0377,61,39230
CL-0378,47,35900
CL-0379,24,12320
CL-0380,25,17120
CL-0381,29,24980
CL-0382,49,49260
CL-0383,45,39050
CL-0384,40,42030
CL-0385,75,40000
CL-0386,29,22860
CL-0387,66,48150
CL-0388,58,52640
CL-0389,62,42670
CL-0390,73,39690
CL-0391,36,31160
CL-0392,52,44090
CL-0393,35,26920
CL-0394,43,44850
CL-0395,75,37570
CL-0396,62,48130
CL-0397,80,31740
CL-0398,72,44040
CL-0399,33,30170
CL-0400,48,39180
CL-0401,68,58970
CL-0402,82,35960
CL-0403,51,56340
CL-0404,30,28370
CL-0405,59,40720
CL-0406,56,42150
CL-0407,35,32900
CL-0408,58,45320
CL-0409,51,43480
CL-0410,48,39980
CL-0411,42,28700
CL-0412,45,38570
CL-0413,56,32000
CL-0414,32,28760
CL-0415,49,37890
CL-0416,29,20830
CL-0417,35,29820
CL-0418,66,46030
CL-0419,36,25750
CL-0420,69,33200
CL-0421,54,37650
CL-0422,44,28850
CL-0423,72,36100
CL-0424,35,39120
CL-0425,29,19790
CL-0426,52,48020
CL-0427,51,35140
CL-0428,68,45550
CL-0429,51,41140
CL-0430,34,29390
CL-0431,73,44830
CL-0432,63,58300
CL-0433,33,29290
CL-0434,74,41310
CL-0435,60,38890
CL-0436,32,29690
CL-0437,47,39670
CL-0438,20,9830
CL-0439,74,40290
CL-0440,44,50880
CL-0441,66,32820
CL-0442,73,39370
CL-0443,49,48230
CL-0444,59,42670
CL-0445,56,39640
CL-0446,85,29610
CL-0447,27,16490
CL-0448,25,17500
CL-0449,57,64600
CL-0450,27,24080
CL-0451,32,23030
CL-0452,72,36610
CL-0453,42,35430
CL-0454,64,51890
CL-0455,40,31760
CL-0456,73,37120
CL-0457,54,50450
CL-0458,26,21360
CL-0459,73,38920
CL-0460,40,30380
CL-0461,28,17240
CL-0462,74,36510
CL-0463,70,30580
CL-0464,64,49950
CL-0465,47,37450
CL-0466,47,44250
CL-0467,62,59440
CL-0468,55,52980
CL-0469,73,34640
CL-0470,69,49170
CL-0471,46,48240
CL-0472,34,26510
CL-0473,76,33970
CL-0474,66,43460
CL-0475,73,32370
CL-0476,69,53820
CL-0477,32,18960
CL-0478,32,23040
CL-0479,77,36920
CL-0480,47,39790
CL-0481,69,44250
CL-0482,44,40820
CL-0483,39,33890
CL-0484,61,53340
CL-0485,60,32650
CL-0486,26,18760
CL-0487,57,40240
CL-0488,46,41360
CL-0489,31,26780
CL-0490,61,39230
CL-0491,57,40690
CL-0492,73,46360
CL-0493,34,31250
CL-0494,35,27820
CL-0495,48,56670
CL-0496,59,63590
CL-0497,80,28840
CL-0498,39,36610
CL-0499,29,33780
CL-0500,41,41400
